---,PieceType,PieceColor,Rotation0,Rotation1,Rotation2,Rotation3
I_Piece,1,"(R=0.000000,G=1.000000,B=1.000000,A=1.000000)","0000,1111,0000,0000","0010,0010,0010,0010","0000,0000,1111,0000","0100,0100,0100,0100"
O_Piece,2,"(R=1.000000,G=1.000000,B=0.000000,A=1.000000)","0000,0110,0110,0000","0000,0110,0110,0000","0000,0110,0110,0000","0000,0110,0110,0000"
T_Piece,3,"(R=0.500000,G=0.000000,B=0.500000,A=1.000000)","0000,0100,1110,0000","0000,0100,0110,0100","0000,0000,1110,0100","0000,0100,1100,0100"
S_Piece,4,"(R=0.000000,G=1.000000,B=0.000000,A=1.000000)","0000,0110,1100,0000","0000,0100,0110,0010","0000,0110,1100,0000","0000,1000,1100,0100"
Z_Piece,5,"(R=1.000000,G=0.000000,B=0.000000,A=1.000000)","0000,1100,0110,0000","0000,0010,0110,0100","0000,1100,0110,0000","0000,0100,1100,1000"
J_Piece,6,"(R=0.000000,G=0.000000,B=1.000000,A=1.000000)","0000,1000,1110,0000","0000,0110,0100,0100","0000,0000,1110,0010","0000,0100,0100,1100"
L_Piece,7,"(R=1.000000,G=0.500000,B=0.000000,A=1.000000)","0000,0010,1110,0000","0000,0100,0100,0110","0000,0000,1110,1000","0000,1100,0100,0100"